{"cameraMode":{"drawMode":0,"name":"Shaded","section":"Shading Mode"},"sceneLighting":false,"audioPlay":false,"sceneViewState":{"showFog":true,"showMaterialUpdate":false,"showSkybox":false,"showFlares":true,"showImageEffects":true,"showParticleSystems":true},"in2DMode":false,"pivot":{"x":0.8526692390441895,"y":0.5466976165771484,"z":4.715293884277344},"rotation":{"x":0.29144546389579775,"y":0.1878148317337036,"z":-0.05847875773906708,"w":0.9361581802368164},"size":8.157332420349121,"orthographic":false}